Feature,Importance
onus_attribute_2,0.007610943852334842
onus_attribute_17,0.006649306894525786
onus_attribute_23,0.00581119761382309
onus_attribute_20,0.0054418726164785335
bureau_450,0.005030248581185367
bureau_428,0.004668866898779326
bureau_126,0.004657142165560933
bureau_429,0.004543485550376882
bureau_452,0.004526302899740719
bureau_430,0.004480473040255358
bureau_431,0.004415594611668266
bureau_432,0.004382936482537048
bureau_439,0.004361587946459031
bureau_443,0.004309257676178876
bureau_408,0.004191648454295523
bureau_434,0.00414579620376424
bureau_441,0.004126566429568649
bureau_418,0.004091579455140936
bureau_43,0.004062185151365371
bureau_enquiry_41,0.004048959379912519
bureau_125,0.004033595203612389
bureau_398,0.004021543786193187
bureau_127,0.00399534243818797
bureau_enquiry_43,0.003971853688401815
bureau_397,0.003947622808367144
bureau_442,0.003909133856240552
bureau_61,0.003864360895439256
bureau_59,0.003820397751720798
bureau_419,0.0037368221874525677
bureau_42,0.0036218793623583588
bureau_enquiry_50,0.003536857524419828
bureau_enquiry_33,0.003519830916260321
bureau_417,0.0035010026697709917
bureau_enquiry_21,0.003463309128064288
transaction_attribute_229,0.0034628169695742877
bureau_407,0.003439465360467338
bureau_62,0.003435713489588868
bureau_426,0.003362470709071799
bureau_enquiry_31,0.003319070222178989
bureau_66,0.0033090111561196165
bureau_11,0.003308763368174406
bureau_9,0.0032782150948263123
bureau_enquiry_30,0.003276301432274768
bureau_145,0.003259083175172006
bureau_113,0.003256407925177427
bureau_415,0.003247131520398764
transaction_attribute_660,0.003243065664329418
bureau_12,0.0032291697944728083
transaction_attribute_334,0.0032043560626198557
bureau_147,0.003203349632754601
bureau_52,0.003196347763611813
bureau_421,0.0031806218350849
bureau_445,0.003160570575963041
bureau_63,0.0031573687141215733
bureau_enquiry_40,0.0031369588386060635
transaction_attribute_105,0.003128465089122377
bureau_137,0.003128235045404754
bureau_410,0.003125697411478225
bureau_116,0.0031178690353397213
transaction_attribute_526,0.0031066802883428285
bureau_395,0.0030998480850016235
bureau_65,0.0030474759579416743
bureau_405,0.0030473232804187323
bureau_29,0.00304518974070027
transaction_attribute_580,0.0030367511031971143
transaction_attribute_337,0.0029910558039754256
bureau_22,0.002975337843917458
bureau_115,0.0029738000355579086
bureau_7,0.0029470139840043564
onus_attribute_6,0.0029393485652845102
transaction_attribute_102,0.002937607686657652
onus_attribute_5,0.002909998596493516
bureau_enquiry_13,0.0029072633724763195
bureau_21,0.002901751331628168
transaction_attribute_521,0.0029011292291164187
bureau_64,0.0028991470573711984
bureau_124,0.0028829584661506026
transaction_attribute_565,0.00285453330802859
bureau_51,0.0028418991853908847
bureau_33,0.0028353233281894273
bureau_36,0.002834754184919428
transaction_attribute_286,0.002826707742643795
bureau_118,0.002822573961481279
bureau_enquiry_23,0.002821427916252881
bureau_45,0.0028211292400871085
bureau_31,0.002815245649444208
bureau_95,0.0028048060522756256
transaction_attribute_230,0.0027926666250520722
transaction_attribute_522,0.002792491866824851
bureau_123,0.002789315921618417
transaction_attribute_100,0.0027748499813090273
onus_attribute_44,0.002771537350862839
transaction_attribute_517,0.002765851440864467
bureau_96,0.0027546832189258076
bureau_106,0.002754578231504706
bureau_393,0.0027330350188040065
bureau_400,0.002731368303796349
bureau_enquiry_11,0.0027260624898759987
onus_attribute_11,0.002701591697910122
transaction_attribute_336,0.002701187867106037
bureau_19,0.002681590163467479
onus_attribute_46,0.0026785246297716314
transaction_attribute_103,0.0026590573088264733
transaction_attribute_658,0.002635168965478254
bureau_34,0.002599415307445742
bureau_enquiry_20,0.002588924973190511
bureau_424,0.0025817649471202007
bureau_41,0.0025668631572614924
bureau_396,0.002564312503415567
bureau_103,0.002561182498874579
transaction_attribute_52,0.0025514600065426264
onus_attribute_37,0.002542669873901873
bureau_105,0.0025196902085194445
onus_attribute_41,0.002516091175297218
bureau_390,0.002514743374047753
onus_attribute_12,0.002505355946438912
bureau_enquiry_35,0.0024990870913442274
bureau_enquiry_45,0.002482172362660017
onus_attribute_15,0.0024771653486985786
bureau_85,0.002468441635174258
transaction_attribute_643,0.0024634764365992832
transaction_attribute_338,0.002436157719574382
transaction_attribute_441,0.002433613977184905
transaction_attribute_659,0.0024216889083688497
transaction_attribute_339,0.002414361396095881
bureau_440,0.002378896794935528
bureau_enquiry_1,0.00237007412588251
transaction_attribute_547,0.0023675273872100396
bureau_enquiry_10,0.0023433900081486934
bureau_enquiry_3,0.0023410926417064275
bureau_427,0.002334125257620127
bureau_433,0.002313228940609335
transaction_attribute_516,0.0022971056515897806
onus_attribute_9,0.0022687366867387318
transaction_attribute_619,0.002232092861979696
bureau_enquiry_25,0.0022076651064189944
transaction_attribute_604,0.002198040722862194
transaction_attribute_335,0.002193071503041554
transaction_attribute_437,0.002188664049303252
transaction_attribute_527,0.0021879388842470046
bureau_54,0.0021846480137369608
transaction_attribute_340,0.002165837853687049
bureau_2,0.0021504938776947414
bureau_enquiry_32,0.0021440145264011133
onus_attribute_8,0.0021421645153263686
transaction_attribute_104,0.0021368676107429325
bureau_121,0.0021336831671095145
bureau_437,0.002088012274199332
bureau_451,0.002085613261905135
onus_attribute_38,0.00206922063458321
onus_attribute_14,0.002067442563284216
transaction_attribute_288,0.00205951184677104
transaction_attribute_661,0.002053303132019509
transaction_attribute_54,0.002042777816782401
bureau_enquiry_42,0.0020332942414111794
onus_attribute_7,0.0020159012974056124
transaction_attribute_636,0.0019804764668493323
bureau_416,0.0019448100048180073
bureau_enquiry_44,0.001939874916106476
transaction_attribute_106,0.001931222737878599
bureau_148,0.0019107973863794977
transaction_attribute_518,0.0019001106208819795
onus_attribute_25,0.0018870486308702617
transaction_attribute_231,0.0018827570915544414
transaction_attribute_406,0.001877144245145359
bureau_136,0.0018614794467644521
onus_attribute_42,0.0018486627731489171
onus_attribute_1,0.0018451861928929475
transaction_attribute_558,0.001837094060865079
onus_attribute_43,0.0018241628683500128
bureau_39,0.001812821519650623
onus_attribute_35,0.0018117083381332308
transaction_attribute_97,0.0018108025854674697
onus_attribute_31,0.001808989657936114
transaction_attribute_331,0.0018040588207963307
transaction_attribute_332,0.0017989979637793464
onus_attribute_13,0.0017897712922978386
transaction_attribute_512,0.0017884977934035152
transaction_attribute_33,0.0017832332056111578
bureau_406,0.0017775029379636627
transaction_attribute_342,0.0017753961483794633
onus_attribute_29,0.00176070154573515
transaction_attribute_287,0.0017559568489872565
transaction_attribute_101,0.0017547355626581088
bureau_86,0.001743913603557962
bureau_5,0.001725209663389124
transaction_attribute_514,0.0017242059036160415
onus_attribute_45,0.0017140077394644944
transaction_attribute_438,0.001711274907293488
bureau_448,0.0017093416091852388
transaction_attribute_513,0.0017052487695675411
bureau_88,0.0017018478876099944
bureau_20,0.0016958432227548992
bureau_8,0.0016935569250329532
bureau_enquiry_15,0.001671209547118681
transaction_attribute_523,0.00166366895476596
bureau_10,0.0016605838085205938
bureau_413,0.0016426324545375872
transaction_attribute_341,0.0016322604221397246
bureau_420,0.0016312701176793912
transaction_attribute_511,0.0016309087651947157
bureau_108,0.001628525824150528
onus_attribute_32,0.001623619527999854
transaction_attribute_206,0.0016216319740304202
bureau_444,0.0016157007523662876
bureau_50,0.001606910924460888
onus_attribute_22,0.001605513428803327
transaction_attribute_507,0.0016051469821328928
transaction_attribute_189,0.0015933165913800445
bureau_155,0.0015895988745653034
transaction_attribute_528,0.0015858251902773333
transaction_attribute_213,0.0015838682954394778
transaction_attribute_31,0.0015833963333441111
transaction_attribute_333,0.0015806335504247961
transaction_attribute_541,0.0015799296058701998
transaction_attribute_531,0.0015798976436881432
onus_attribute_16,0.0015774207831897643
bureau_enquiry_48,0.0015730650539495853
transaction_attribute_98,0.0015646214379156
transaction_attribute_597,0.0015604659697231239
onus_attribute_36,0.0015523210836685813
transaction_attribute_174,0.0015400286568042893
transaction_attribute_108,0.001537049906053246
transaction_attribute_440,0.0015302268434061689
transaction_attribute_439,0.0015270368944317264
transaction_attribute_135,0.0015233181519504972
bureau_enquiry_5,0.0015226922633093066
transaction_attribute_657,0.0015161436158947464
transaction_attribute_515,0.0015054282327124613
bureau_60,0.0015045856347367576
bureau_98,0.001498625100292613
transaction_attribute_402,0.0014901237013858568
bureau_24,0.0014790311916880869
onus_attribute_39,0.0014773469169838582
transaction_attribute_149,0.0014631318055470283
transaction_attribute_228,0.001458360113780326
transaction_attribute_227,0.0014486766423387155
transaction_attribute_267,0.0014478874649136878
transaction_attribute_94,0.0014464541707946757
transaction_attribute_618,0.0014426630710444844
bureau_138,0.0014359979799583112
bureau_93,0.0014235084429396116
transaction_attribute_663,0.0014224211730555283
transaction_attribute_655,0.0014117820310939504
bureau_30,0.0014058517793425838
transaction_attribute_392,0.0013967252669373994
bureau_14,0.0013815964767755326
bureau_83,0.0013722678257824074
transaction_attribute_369,0.0013694638655344655
bureau_435,0.0013558971912858884
transaction_attribute_150,0.0013497837246464472
transaction_attribute_244,0.0013420946687422131
bureau_75,0.0013416930949873129
bureau_78,0.0013350035355015658
transaction_attribute_96,0.0013285921579505398
transaction_attribute_579,0.00132588455604004
bureau_48,0.0013162776272702544
transaction_attribute_583,0.0013156309731998017
transaction_attribute_616,0.0013038269575934747
transaction_attribute_259,0.0012986413450637889
transaction_attribute_577,0.001288479792357209
bureau_35,0.0012779704516082083
bureau_409,0.0012713139090059255
transaction_attribute_622,0.0012691020010488772
bureau_76,0.0012624500449025802
transaction_attribute_53,0.0012598746757654152
bureau_403,0.0012575400563962977
transaction_attribute_261,0.0012568151566052024
transaction_attribute_328,0.00124523296493219
bureau_32,0.0012443292123423839
bureau_enquiry_22,0.0012411093630372034
transaction_attribute_501,0.0012298462634903586
bureau_53,0.001222674962918853
transaction_attribute_370,0.0012113100132585335
transaction_attribute_99,0.0012030656181912973
bureau_enquiry_28,0.0012011734151005063
transaction_attribute_10,0.001193307570805164
transaction_attribute_590,0.0011890091631968204
transaction_attribute_404,0.0011790047847611814
transaction_attribute_265,0.0011737686604994441
onus_attribute_33,0.0011692545258404202
transaction_attribute_107,0.0011664257493538268
bureau_104,0.0011636950372392214
transaction_attribute_114,0.0011611364047406847
bureau_enquiry_34,0.0011589678402754845
onus_attribute_26,0.0011548105254027131
transaction_attribute_634,0.0011402637663059008
bureau_enquiry_38,0.0011213667582343912
transaction_attribute_225,0.0011165684701646443
transaction_attribute_624,0.001113067499098008
bureau_195,0.001112627477088395
transaction_attribute_649,0.0011122402531811807
transaction_attribute_128,0.0011046526482948618
bureau_enquiry_18,0.0011012474291230137
bureau_140,0.0010920966825550182
bureau_27,0.0010862333252412162
transaction_attribute_194,0.0010847249417849309
transaction_attribute_500,0.00108410068147023
transaction_attribute_493,0.0010787631659632483
bureau_197,0.0010766264764941822
transaction_attribute_160,0.001075859692391266
transaction_attribute_188,0.0010656185053686156
transaction_attribute_233,0.0010594354197598949
bureau_40,0.0010566005656074354
transaction_attribute_330,0.0010555727473967646
transaction_attribute_324,0.0010548802721450949
bureau_73,0.001048027012842178
transaction_attribute_322,0.0010460444409464598
transaction_attribute_219,0.0010392365569265854
transaction_attribute_346,0.0010361981835053805
transaction_attribute_348,0.0010285056443174823
transaction_attribute_510,0.0010262038397466891
bureau_44,0.0010210764095303553
transaction_attribute_601,0.0010199585856223653
bureau_114,0.0010124263375574608
transaction_attribute_306,0.0010041440083094298
onus_attribute_27,0.0010012149596317207
bureau_enquiry_46,0.0009980722507271376
transaction_attribute_529,0.000989290205846871
transaction_attribute_266,0.000988200392318849
transaction_attribute_509,0.0009792123967334119
transaction_attribute_442,0.0009719858319441808
transaction_attribute_595,0.0009694277090551156
transaction_attribute_367,0.0009639975698053771
transaction_attribute_396,0.0009605399318589194
transaction_attribute_497,0.0009593395320275221
bureau_275,0.0009573773263439968
transaction_attribute_155,0.0009487310522845173
bureau_389,0.0009404703616027837
transaction_attribute_571,0.0009371074532829206
transaction_attribute_405,0.0009363799431673315
onus_attribute_34,0.0009358042180882279
bureau_401,0.0009300093243166629
bureau_enquiry_12,0.0009284627697979142
bureau_446,0.0009271234358876941
transaction_attribute_304,0.000921057689908156
transaction_attribute_88,0.0009187537910110069
transaction_attribute_537,0.0009085436825674969
transaction_attribute_153,0.0009063627892318022
transaction_attribute_562,0.0008992516648128621
transaction_attribute_34,0.0008943457922414306
transaction_attribute_467,0.0008934668534822903
transaction_attribute_69,0.0008925923405524277
transaction_attribute_388,0.000887606493961629
transaction_attribute_277,0.0008859768255077693
transaction_attribute_90,0.0008739993372016716
transaction_attribute_654,0.0008720470370423916
bureau_119,0.0008699458550277568
bureau_394,0.0008695025712190278
bureau_57,0.0008674941214089995
transaction_attribute_254,0.0008653346553071243
transaction_attribute_72,0.0008651846080390789
transaction_attribute_246,0.0008586854363672623
bureau_157,0.0008584707787684727
transaction_attribute_566,0.0008580647525726588
transaction_attribute_25,0.0008569132238904362
transaction_attribute_167,0.0008557129428743408
transaction_attribute_371,0.0008457285987369419
transaction_attribute_470,0.0008391679675129247
bureau_122,0.0008375933484107558
bureau_111,0.0008363760791462446
transaction_attribute_615,0.0008303636353380125
transaction_attribute_576,0.0008288191942155381
transaction_attribute_347,0.0008278802146348163
transaction_attribute_186,0.0008268669697177811
transaction_attribute_593,0.0008246073941518807
bureau_235,0.0008239885641223427
bureau_enquiry_24,0.0008204302200657108
transaction_attribute_214,0.0008184027763417121
transaction_attribute_257,0.000816871335850497
transaction_attribute_508,0.0008163202263809525
transaction_attribute_147,0.0008156378860847641
transaction_attribute_530,0.0008141760561750581
transaction_attribute_368,0.0008141398893207076
transaction_attribute_632,0.0008135079538208417
onus_attribute_40,0.0008134532152283187
transaction_attribute_43,0.0008116852795098955
transaction_attribute_540,0.0008094410834602889
onus_attribute_47,0.0008072575270343549
onus_attribute_10,0.0008042947524875125
transaction_attribute_471,0.0008033867370996681
bureau_55,0.0008011752853570923
transaction_attribute_385,0.0007950153978231011
transaction_attribute_499,0.0007944129563438529
transaction_attribute_204,0.0007877731746780184
transaction_attribute_496,0.0007857025645279965
transaction_attribute_329,0.0007853178834337465
transaction_attribute_453,0.0007839729221798151
bureau_17,0.0007798215738069525
transaction_attribute_70,0.0007717025240350252
transaction_attribute_585,0.0007713396234929887
bureau_391,0.0007670865573485902
bureau_411,0.0007648157450881627
transaction_attribute_255,0.0007647299445786025
transaction_attribute_11,0.0007640070175208689
transaction_attribute_93,0.0007604240861987827
transaction_attribute_253,0.0007598018569325334
bureau_101,0.0007568899757346283
transaction_attribute_407,0.0007567646716456257
transaction_attribute_320,0.0007495179576522997
transaction_attribute_469,0.0007456242077814119
transaction_attribute_629,0.0007398858369216741
transaction_attribute_395,0.0007390206873753426
bureau_6,0.0007387790223576681
bureau_404,0.0007376412346904434
transaction_attribute_539,0.000736183740779334
onus_attribute_48,0.0007335632007391963
transaction_attribute_551,0.0007321516432118805
transaction_attribute_57,0.0007281796428950711
bureau_425,0.0007276898147673723
transaction_attribute_463,0.0007265531297929972
bureau_49,0.0007238412728745438
bureau_enquiry_14,0.0007237238770217998
transaction_attribute_26,0.0007221767597950427
transaction_attribute_559,0.0007196090046246806
transaction_attribute_27,0.0007194879294075863
onus_attribute_21,0.000719471073789673
bureau_enquiry_36,0.0007182716303127225
transaction_attribute_637,0.0007129616911468269
transaction_attribute_610,0.0007123833758896076
transaction_attribute_424,0.000709472821149076
transaction_attribute_581,0.0007093979943730399
transaction_attribute_305,0.0007082676093535849
transaction_attribute_192,0.0007077709491779097
transaction_attribute_92,0.0006999328344812791
transaction_attribute_327,0.0006995121795922486
bureau_414,0.0006994963316070096
bureau_399,0.0006990103787683347
transaction_attribute_224,0.0006977555155205389
bureau_135,0.0006961105005105866
transaction_attribute_644,0.0006896045269689267
transaction_attribute_245,0.0006875782538324598
transaction_attribute_323,0.0006867630985855555
bureau_117,0.0006856750866931658
transaction_attribute_455,0.0006854184821815764
transaction_attribute_401,0.0006852140984637435
transaction_attribute_386,0.0006823784001612762
bureau_198,0.0006818125274048557
transaction_attribute_426,0.0006789035954526932
transaction_attribute_210,0.0006775367546248314
transaction_attribute_291,0.0006765016298370567
transaction_attribute_12,0.0006753890812085071
bureau_58,0.0006751743520171193
transaction_attribute_617,0.000674394202266778
transaction_attribute_113,0.0006721574656685342
transaction_attribute_506,0.0006716981067780425
transaction_attribute_295,0.0006700564517624232
onus_attribute_4,0.0006692721736032547
transaction_attribute_556,0.0006687859240133272
transaction_attribute_141,0.0006676287725471815
bureau_46,0.0006668236452923884
transaction_attribute_592,0.000665327658564075
bureau_1,0.0006648463847915006
transaction_attribute_67,0.000660388038938461
transaction_attribute_301,0.0006583709819398806
transaction_attribute_397,0.0006517438780871703
transaction_attribute_640,0.000650406560992632
transaction_attribute_121,0.0006503158385612621
transaction_attribute_45,0.0006501146302855288
transaction_attribute_620,0.0006499641661298097
transaction_attribute_289,0.0006491631872289242
bureau_355,0.0006469630241570978
transaction_attribute_648,0.0006425358154732681
transaction_attribute_494,0.0006423219322892546
onus_attribute_24,0.0006423160109069673
transaction_attribute_95,0.000642231699409542
bureau_146,0.000641525935991219
bureau_158,0.0006398546753147798
transaction_attribute_614,0.0006392611114378021
transaction_attribute_218,0.0006361114310926453
transaction_attribute_270,0.0006350345888879401
transaction_attribute_91,0.0006349517525956156
transaction_attribute_394,0.000632392374938636
bureau_94,0.0006322612716316378
transaction_attribute_492,0.0006290117682727329
transaction_attribute_35,0.000627264610724413
transaction_attribute_554,0.0006265173691302538
bureau_enquiry_2,0.000622620889848387
transaction_attribute_382,0.0006206447317070993
transaction_attribute_635,0.000620485879957961
bureau_134,0.0006199125105999068
bureau_143,0.0006183072511961567
bureau_25,0.0006162546987733252
transaction_attribute_639,0.00061591763852439
transaction_attribute_603,0.0006143516001937494
transaction_attribute_203,0.0006123289723496645
transaction_attribute_429,0.0006079422859185443
transaction_attribute_112,0.0006063774308155731
transaction_attribute_609,0.0006010068877051092
transaction_attribute_180,0.0005980213096604372
transaction_attribute_633,0.0005969228758400201
bureau_328,0.0005947164115802171
bureau_270,0.0005927211695813577
transaction_attribute_505,0.0005869021646842379
transaction_attribute_466,0.0005821521177848666
transaction_attribute_136,0.0005800460842395028
transaction_attribute_302,0.0005798671039560662
bureau_438,0.0005757056786648825
transaction_attribute_564,0.0005753996747676953
transaction_attribute_502,0.0005749593427576157
transaction_attribute_384,0.0005666513808506965
transaction_attribute_175,0.0005659127023524683
bureau_315,0.0005625954696294328
onus_attribute_30,0.0005623688283154018
transaction_attribute_283,0.0005614207854958066
transaction_attribute_71,0.000561148065736829
transaction_attribute_594,0.0005607305450412497
transaction_attribute_321,0.000560556316693095
transaction_attribute_477,0.0005590023975345871
transaction_attribute_55,0.0005561683478615778
transaction_attribute_268,0.0005538219234239403
transaction_attribute_631,0.0005528482912884131
transaction_attribute_202,0.000549783487599043
transaction_attribute_653,0.0005497405845208489
onus_attribute_18,0.0005497271869658367
transaction_attribute_503,0.0005481851210143389
bureau_28,0.0005448190805448861
bureau_449,0.000542646146067273
transaction_attribute_468,0.0005414115147197013
bureau_13,0.000540894867124954
bureau_3,0.0005380478276631622
transaction_attribute_164,0.000537917230347792
transaction_attribute_190,0.0005374241184004557
transaction_attribute_179,0.000536066500040043
bureau_139,0.0005357912015655795
bureau_317,0.0005332517901932244
transaction_attribute_393,0.0005323572316585604
transaction_attribute_125,0.0005323322312444019
transaction_attribute_538,0.0005309899600668994
transaction_attribute_36,0.0005304673442722166
transaction_attribute_318,0.000528946821791058
transaction_attribute_165,0.0005284661959215241
bureau_99,0.0005263133871868466
transaction_attribute_488,0.0005247332524463907
transaction_attribute_151,0.0005241686394206017
bureau_277,0.0005237418798633374
transaction_attribute_20,0.0005222452522818453
transaction_attribute_319,0.0005166823170063379
bureau_23,0.0005165674075147339
transaction_attribute_86,0.0005114633964856783
bureau_112,0.0005113761220036885
bureau_357,0.0005108278337624136
transaction_attribute_32,0.000510589273121357
transaction_attribute_425,0.0005077129635285782
transaction_attribute_173,0.0005068038517371806
transaction_attribute_22,0.0005063371105780577
transaction_attribute_276,0.0005061473788374488
transaction_attribute_140,0.0005052052531860759
bureau_91,0.0005047420991580718
transaction_attribute_187,0.0005022527863664987
transaction_attribute_403,0.000500397666464156
bureau_18,0.0005002434711863621
transaction_attribute_491,0.000498576911279775
transaction_attribute_444,0.0004984006671867195
bureau_enquiry_8,0.0004971229896474433
transaction_attribute_199,0.0004958382113772631
bureau_92,0.0004938003759013881
transaction_attribute_498,0.0004924984021630271
transaction_attribute_21,0.000490206228094899
bureau_367,0.000489888493272169
transaction_attribute_465,0.0004895343052883196
transaction_attribute_263,0.0004890380031444373
transaction_attribute_185,0.0004886784522739307
transaction_attribute_570,0.0004881416201197411
transaction_attribute_419,0.0004869681835934293
bureau_77,0.00048680830558513085
transaction_attribute_504,0.0004866203317645799
transaction_attribute_391,0.00048551488676449374
transaction_attribute_445,0.000485184160918109
bureau_422,0.0004847066850031985
transaction_attribute_171,0.0004840385512649372
transaction_attribute_387,0.00047981958598939544
transaction_attribute_555,0.000479787512365315
transaction_attribute_207,0.0004794051289774027
transaction_attribute_19,0.00047803174443997
transaction_attribute_575,0.00047471882284358093
transaction_attribute_89,0.0004740390164485513
bureau_239,0.00047321036191157683
bureau_278,0.0004731029732236176
transaction_attribute_495,0.000472554317276936
transaction_attribute_605,0.00047017404812106547
transaction_attribute_226,0.0004694045067974922
transaction_attribute_280,0.0004680284309694057
transaction_attribute_201,0.00046765642932225363
transaction_attribute_380,0.00046685295465495933
transaction_attribute_278,0.00046355067426775634
bureau_102,0.00046311873389675385
transaction_attribute_656,0.0004619127336775243
transaction_attribute_446,0.00046151719858360946
transaction_attribute_598,0.00046096522693258386
transaction_attribute_389,0.0004585270148792151
transaction_attribute_325,0.00045836998011903533
transaction_attribute_408,0.0004551505672110499
bureau_358,0.00045441346305931754
transaction_attribute_642,0.000454382746115539
transaction_attribute_256,0.00045429676263859396
bureau_enquiry_26,0.0004529095508468271
transaction_attribute_568,0.0004527582345148402
transaction_attribute_607,0.00045231737893735706
transaction_attribute_411,0.0004518666170150677
transaction_attribute_303,0.0004498217089098686
transaction_attribute_44,0.00044964104175230254
transaction_attribute_578,0.0004468890501895021
bureau_37,0.00044682566217046015
transaction_attribute_23,0.0004468198640575121
transaction_attribute_262,0.00044654315842567496
bureau_245,0.00044565738959851926
transaction_attribute_316,0.0004437717017801333
bureau_237,0.00043711549893845334
transaction_attribute_63,0.0004360798187991782
transaction_attribute_464,0.0004355980994146346
transaction_attribute_132,0.00043553455338572576
transaction_attribute_310,0.0004262395290888641
transaction_attribute_600,0.00042475679609760313
transaction_attribute_116,0.0004241275198664043
transaction_attribute_420,0.000422112498598706
transaction_attribute_599,0.0004218986319447331
bureau_318,0.000418948971324084
transaction_attribute_146,0.00041874890635513307
bureau_128,0.000416406550697127
transaction_attribute_248,0.00041562379348971496
transaction_attribute_651,0.0004151928503850243
bureau_107,0.0004126436813056111
bureau_350,0.0004125942517953252
transaction_attribute_646,0.000412313364815583
transaction_attribute_163,0.00041137843632996614
transaction_attribute_129,0.0004110077167840745
transaction_attribute_422,0.000409193041454435
transaction_attribute_462,0.00040852253494499377
transaction_attribute_443,0.0004082390338291984
transaction_attribute_47,0.00040817917715965863
bureau_310,0.0004068456488704652
transaction_attribute_212,0.00040679865813077697
bureau_368,0.0004053354371484111
transaction_attribute_273,0.00040487244653627505
transaction_attribute_39,0.00040233571657383686
transaction_attribute_281,0.0004021799084513672
transaction_attribute_326,0.0003972704512290399
transaction_attribute_84,0.0003965576880218247
transaction_attribute_282,0.0003956052069061359
transaction_attribute_279,0.00039498700689933485
bureau_153,0.00039448231066900233
transaction_attribute_64,0.0003940691583685822
transaction_attribute_85,0.0003935715787254689
transaction_attribute_138,0.0003909232005815176
bureau_84,0.00038906156408399025
transaction_attribute_612,0.00038845475808503056
transaction_attribute_487,0.00038795489538365327
transaction_attribute_168,0.00038677580814963213
transaction_attribute_61,0.00038394176706678433
bureau_285,0.00038163041625298156
transaction_attribute_410,0.00038156189011209307
transaction_attribute_87,0.0003782979614353407
transaction_attribute_14,0.00037817597875287905
bureau_15,0.0003778994999926633
transaction_attribute_375,0.0003756200912932905
transaction_attribute_428,0.00037345549949956814
bureau_190,0.0003733910302742922
transaction_attribute_557,0.0003729105658553332
bureau_320,0.00037137737473183654
transaction_attribute_608,0.00037009848574211875
transaction_attribute_418,0.0003700649280309129
bureau_97,0.0003695953339842062
bureau_279,0.00036946251741948425
bureau_365,0.0003691981934192099
transaction_attribute_123,0.0003650510304473486
transaction_attribute_412,0.0003650208492334535
bureau_165,0.00036459761832579674
onus_attribute_19,0.00036365074252414577
transaction_attribute_65,0.0003629632054247773
transaction_attribute_317,0.0003626250640979019
transaction_attribute_553,0.0003617114989784672
transaction_attribute_260,0.00036125435004813147
transaction_attribute_62,0.0003611533833076913
transaction_attribute_134,0.0003599677609133858
transaction_attribute_383,0.000358870807590284
transaction_attribute_390,0.0003574664447924468
bureau_353,0.0003566943378300243
transaction_attribute_24,0.00035576503855078953
transaction_attribute_296,0.0003554124285786553
bureau_229,0.00035491949511836756
transaction_attribute_563,0.00035337032115219955
transaction_attribute_126,0.0003519395641333186
transaction_attribute_409,0.0003516975534101519
transaction_attribute_124,0.00035099100962141563
transaction_attribute_48,0.00035038709720896675
transaction_attribute_430,0.0003501478828117981
transaction_attribute_569,0.0003472823515443109
transaction_attribute_381,0.00034652646986909935
bureau_238,0.0003457934618583165
transaction_attribute_602,0.00034250152672543117
bureau_327,0.0003415180748765842
transaction_attribute_490,0.00034099993087771766
transaction_attribute_647,0.00034044886081180994
transaction_attribute_456,0.0003392652965427338
transaction_attribute_271,0.00033912791127367414
bureau_325,0.0003384840715588927
transaction_attribute_432,0.0003380724973296728
bureau_enquiry_6,0.00033638646207076743
transaction_attribute_251,0.00033277255443115746
transaction_attribute_421,0.0003317120994527277
transaction_attribute_46,0.0003303540098949681
bureau_150,0.0003301195330711544
transaction_attribute_252,0.0003292031258261792
bureau_377,0.0003264629281215712
transaction_attribute_427,0.0003240364227095537
transaction_attribute_49,0.00032393527202602765
transaction_attribute_479,0.0003229092631004031
transaction_attribute_16,0.00032256432957541303
transaction_attribute_162,0.00032145701325545986
transaction_attribute_591,0.0003198819788536439
transaction_attribute_457,0.00031810880478946646
bureau_68,0.00031548834148318147
transaction_attribute_285,0.0003150113609927598
bureau_313,0.0003117929547685418
transaction_attribute_561,0.0003115605743639262
transaction_attribute_481,0.00031099843936014494
transaction_attribute_355,0.0003075566502917504
transaction_attribute_423,0.00030702966523152585
transaction_attribute_76,0.0003054775434489649
transaction_attribute_431,0.00030502561704717253
bureau_230,0.0003042693833581728
transaction_attribute_312,0.00030295572097860694
bureau_233,0.0003025174660564451
bureau_109,0.00030155959321776426
transaction_attribute_170,0.00030087833325159036
transaction_attribute_417,0.0002992665494424666
bureau_enquiry_16,0.000298639750659126
transaction_attribute_18,0.00029521923743229853
transaction_attribute_398,0.0002920817541474032
transaction_attribute_378,0.000291412161884433
transaction_attribute_434,0.0002900776381123462
transaction_attribute_573,0.0002884198210304653
transaction_attribute_413,0.0002857891971783798
bureau_248,0.0002841862579330293
bureau_89,0.00028336533452336007
bureau_287,0.0002805433629458267
transaction_attribute_264,0.00027922440173736333
transaction_attribute_249,0.00027872817579834545
transaction_attribute_452,0.00027864038332560523
bureau_359,0.0002782312599059024
transaction_attribute_641,0.00027719320005127656
transaction_attribute_77,0.0002767474838209398
transaction_attribute_51,0.0002754375670266695
bureau_387,0.00027541359290631575
bureau_337,0.00027530942827941503
bureau_enquiry_4,0.0002740872669010342
transaction_attribute_416,0.0002739569145310158
bureau_273,0.0002737352293375939
transaction_attribute_148,0.00027191822624825945
transaction_attribute_37,0.00027087908367086355
bureau_207,0.00027028891338911265
transaction_attribute_460,0.0002696269114282167
bureau_67,0.00026936854091727926
transaction_attribute_373,0.0002691250447025944
transaction_attribute_379,0.0002682408837608859
transaction_attribute_258,0.00026781614989780314
transaction_attribute_133,0.000266615333547972
transaction_attribute_143,0.00026543839110620943
transaction_attribute_269,0.00026317707855821784
transaction_attribute_40,0.00026137903224394027
transaction_attribute_461,0.00026115695930701703
bureau_199,0.00025995065466286147
bureau_276,0.0002594096552929571
bureau_247,0.00025786127164790433
transaction_attribute_209,0.0002577986938418924
transaction_attribute_454,0.00025700527476661526
bureau_258,0.0002565381108381594
bureau_129,0.0002555249876501297
transaction_attribute_250,0.0002546945080369796
transaction_attribute_272,0.0002539514700267184
bureau_316,0.00025389884448152525
transaction_attribute_400,0.00025189382040835437
transaction_attribute_478,0.0002517513297723373
transaction_attribute_177,0.00025155406105244806
transaction_attribute_223,0.00025030629950670047
transaction_attribute_298,0.00024962904376580746
bureau_335,0.00024911878896505154
bureau_338,0.00024902616152281965
transaction_attribute_489,0.00024614923343968634
transaction_attribute_311,0.0002452674546081473
transaction_attribute_217,0.00024462890454044384
transaction_attribute_354,0.0002414330714108912
transaction_attribute_458,0.00024097369786977172
bureau_308,0.00024079571231356837
bureau_169,0.00024046430780143974
transaction_attribute_377,0.00024028784337486278
transaction_attribute_372,0.00023880198434312355
transaction_attribute_221,0.00023675530969485817
transaction_attribute_520,0.00023670465533418746
transaction_attribute_596,0.00023652486878439634
bureau_243,0.00023633133693507218
transaction_attribute_376,0.00023617377438345068
transaction_attribute_58,0.00023582025294826547
transaction_attribute_630,0.000234513621679741
bureau_193,0.0002340827933654499
bureau_375,0.0002333768231535741
transaction_attribute_374,0.00023236718318453474
transaction_attribute_56,0.00023154492931334408
bureau_378,0.00023016586174046734
transaction_attribute_41,0.00022956632931667265
transaction_attribute_436,0.000228015028794951
bureau_217,0.00022759746520020438
bureau_240,0.00022738981391611315
transaction_attribute_480,0.00022560932486261897
bureau_323,0.00022543160152352872
transaction_attribute_139,0.0002247827444070526
transaction_attribute_4,0.00022457302660875341
transaction_attribute_200,0.0002237306365858914
bureau_enquiry_49,0.00022119290851707046
transaction_attribute_172,0.00022030424027415338
transaction_attribute_274,0.00022020766850682042
transaction_attribute_216,0.00021848662556724096
bureau_330,0.0002184408402210122
bureau_259,0.00021755691043027058
transaction_attribute_115,0.00021675297678809324
transaction_attribute_15,0.00021608784041226087
bureau_360,0.00021578857538752199
transaction_attribute_519,0.00021225302672101245
transaction_attribute_399,0.0002082747052329961
bureau_74,0.00020805759147947162
transaction_attribute_415,0.00020653720208027509
transaction_attribute_161,0.00020610322776553762
transaction_attribute_13,0.00020532881867772333
bureau_236,0.00020213743403917517
transaction_attribute_83,0.00020121385110436193
transaction_attribute_17,0.00019975031129040906
bureau_163,0.00019734464742706678
transaction_attribute_131,0.00019566931354257543
transaction_attribute_178,0.0001946288189016485
transaction_attribute_435,0.0001944501861414381
bureau_289,0.00019430762134519175
bureau_208,0.0001939267361780765
transaction_attribute_560,0.00019341524051757228
transaction_attribute_42,0.00019323087924868552
bureau_348,0.00019175832668400845
transaction_attribute_176,0.00019143240870771002
transaction_attribute_82,0.00019132088887220295
transaction_attribute_68,0.00019113204692917
bureau_196,0.00019080260113933615
transaction_attribute_300,0.00019062297596397413
transaction_attribute_626,0.00018903960910560244
transaction_attribute_122,0.00018755814267604144
transaction_attribute_290,0.0001862864209726807
transaction_attribute_66,0.00018200674330448428
bureau_82,0.0001790089559767196
bureau_175,0.00017825178410321715
bureau_205,0.00017819280450235447
transaction_attribute_625,0.0001765229430117551
transaction_attribute_169,0.00017617889568039038
transaction_attribute_459,0.00017497212152071267
transaction_attribute_211,0.000174182692811784
transaction_attribute_623,0.00017397606303599515
transaction_attribute_275,0.0001739440115048798
transaction_attribute_297,0.0001712816713021916
bureau_255,0.00017037128747667942
bureau_72,0.0001701781193645152
onus_attribute_3,0.00017004726053510195
transaction_attribute_450,0.00016952679257271148
transaction_attribute_552,0.00016951196067298022
bureau_269,0.00016763460213712125
transaction_attribute_182,0.00016653386032119714
bureau_288,0.00016647766364148947
bureau_71,0.00016628796183994684
bureau_388,0.0001651841665107692
transaction_attribute_184,0.00016506777802445784
bureau_366,0.00016257306571659992
bureau_254,0.0001619259754935881
transaction_attribute_662,0.00016161786159477734
transaction_attribute_117,0.0001590430313291007
transaction_attribute_130,0.00015880242371298689
bureau_133,0.00015735108549749262
transaction_attribute_145,0.00015725406406981356
transaction_attribute_5,0.0001566323697484157
transaction_attribute_7,0.0001561882341231035
bureau_385,0.0001556102082088203
transaction_attribute_611,0.00015523531957933117
transaction_attribute_294,0.00015453125292644939
bureau_160,0.00015386895043625047
transaction_attribute_50,0.00015274112284011484
bureau_178,0.00015245732247483242
bureau_168,0.00015182198885875989
bureau_299,0.00015132028595769614
bureau_265,0.000150854985411118
transaction_attribute_350,0.00014972946921636233
transaction_attribute_127,0.00014955634508068185
bureau_246,0.00014793517322276404
bureau_81,0.00014653002609789259
bureau_167,0.00014634419568817857
transaction_attribute_78,0.00014494893410353356
transaction_attribute_533,0.00014443182303894373
transaction_attribute_137,0.00014429286035966312
bureau_307,0.0001425710507448085
bureau_141,0.00014216693482814645
transaction_attribute_110,0.00014199094211853432
transaction_attribute_536,0.00014146351591077958
transaction_attribute_111,0.00014077757023822437
bureau_354,0.00013997237176517857
bureau_305,0.00013964088604443445
bureau_295,0.0001392754001749371
transaction_attribute_234,0.00013864612927678933
bureau_enquiry_29,0.00013737994856742304
transaction_attribute_235,0.00013697583891441632
transaction_attribute_572,0.00013687647259669222
transaction_attribute_606,0.00013658236637774672
transaction_attribute_474,0.00013611864268133576
bureau_256,0.00013531819687180363
bureau_349,0.00013469033191337534
bureau_356,0.00013428886326058925
transaction_attribute_532,0.00013213278865530559
bureau_228,0.0001311838223995299
bureau_187,0.00012956995216665282
transaction_attribute_60,0.00012870857973317426
transaction_attribute_449,0.0001281018374811359
transaction_attribute_195,0.00012758302146031547
bureau_189,0.00012511436369807034
transaction_attribute_587,0.00012502331594300032
transaction_attribute_197,0.00012480637499217803
transaction_attribute_208,0.00012441593294260184
transaction_attribute_586,0.0001241487913488544
bureau_329,0.00012296436149172488
transaction_attribute_284,0.00012266340749122616
bureau_87,0.00012229461733964938
bureau_311,0.00012162530158352607
transaction_attribute_293,0.00012160628760244769
bureau_280,0.00012121905339422794
transaction_attribute_109,0.00012107789912259142
bureau_369,0.00012064543391337121
bureau_194,0.00012058209816685482
bureau_enquiry_39,0.00011832518563876531
transaction_attribute_158,0.00011777679218265702
transaction_attribute_534,0.00011770887120558072
transaction_attribute_542,0.00011744674814323192
transaction_attribute_475,0.0001170591096871384
transaction_attribute_650,0.00011569102336017236
transaction_attribute_447,0.00011502644898372202
bureau_345,0.00011465404800542954
bureau_271,0.00011434668859900513
transaction_attribute_361,0.0001126696003216603
transaction_attribute_548,0.00011234932214384836
bureau_149,0.00011208208369837922
transaction_attribute_247,0.00011173875558099672
bureau_209,0.0001116075797179512
bureau_296,0.00011146596316709026
bureau_286,0.00011130166841598773
bureau_156,0.0001107252183293966
bureau_159,0.00011018685985203342
transaction_attribute_28,0.00010971113424316612
transaction_attribute_356,0.00010960408485529463
transaction_attribute_308,0.00010844812566305313
bureau_250,0.00010828421328153636
bureau_370,0.00010806920572079135
transaction_attribute_314,0.00010760644049816206
bureau_267,0.00010689292529055375
bureau_336,0.00010645911744567336
transaction_attribute_414,0.00010643512609082498
transaction_attribute_628,0.00010601339574932616
transaction_attribute_119,0.00010568539462788427
transaction_attribute_543,0.00010291956591659964
transaction_attribute_482,0.00010113849621920026
transaction_attribute_451,9.936266820146523e-05
transaction_attribute_486,9.856552810875004e-05
transaction_attribute_6,9.774940815073225e-05
transaction_attribute_154,9.754998581020701e-05
transaction_attribute_193,9.748656855767035e-05
transaction_attribute_645,9.737186736389909e-05
bureau_326,9.730153029798313e-05
bureau_218,9.72169036720428e-05
transaction_attribute_638,9.694536860883202e-05
transaction_attribute_120,9.617861739125726e-05
bureau_339,9.60957787154947e-05
bureau_319,9.591804997294023e-05
bureau_373,9.555917253143422e-05
bureau_166,9.492632443485879e-05
transaction_attribute_232,9.466356178887693e-05
transaction_attribute_433,9.392707976497355e-05
transaction_attribute_238,9.378880948275888e-05
bureau_176,9.349072766848276e-05
transaction_attribute_544,9.30961644726288e-05
transaction_attribute_156,9.305460393264103e-05
bureau_298,9.279868697245544e-05
transaction_attribute_353,9.097371936620126e-05
bureau_297,9.036854340223056e-05
transaction_attribute_567,9.02761632753506e-05
bureau_283,9.016755964894613e-05
bureau_200,8.884781938948553e-05
transaction_attribute_344,8.868846176353472e-05
bureau_177,8.841530050712058e-05
transaction_attribute_652,8.828075984733013e-05
bureau_346,8.766639016922573e-05
transaction_attribute_550,8.592691125034718e-05
transaction_attribute_365,8.587601292210519e-05
transaction_attribute_9,8.576964126287068e-05
bureau_257,8.539142983435121e-05
bureau_227,8.487365136440049e-05
transaction_attribute_159,8.440360150671471e-05
bureau_274,8.408901890795945e-05
bureau_144,8.408133095288112e-05
transaction_attribute_181,8.353658211143561e-05
bureau_347,8.297747232113112e-05
transaction_attribute_535,8.221216862260564e-05
transaction_attribute_545,8.134339150995061e-05
transaction_attribute_359,8.129509908042861e-05
bureau_151,8.003375911835021e-05
transaction_attribute_198,7.995947688974458e-05
transaction_attribute_448,7.98496981238592e-05
transaction_attribute_299,7.937580108051004e-05
transaction_attribute_613,7.92360855550865e-05
transaction_attribute_664,7.899846466179386e-05
transaction_attribute_75,7.899214768354606e-05
transaction_attribute_38,7.77055657121127e-05
bureau_79,7.710666640241568e-05
bureau_188,7.617219917836619e-05
bureau_306,7.530509216942597e-05
transaction_attribute_240,7.395380944790545e-05
bureau_170,7.266661698571294e-05
transaction_attribute_345,7.179649802365927e-05
transaction_attribute_349,7.175022192185528e-05
transaction_attribute_313,7.16053385747897e-05
transaction_attribute_584,7.107670888396473e-05
bureau_210,7.071363381246943e-05
bureau_249,6.87531664116302e-05
bureau_303,6.828332769950867e-05
bureau_231,6.765760429977663e-05
transaction_attribute_315,6.731780805341095e-05
bureau_226,6.693447594734639e-05
bureau_244,6.643085241496159e-05
transaction_attribute_627,6.558878040558175e-05
transaction_attribute_239,6.509610029739176e-05
bureau_223,6.487526447730126e-05
bureau_300,6.43228111319697e-05
bureau_234,6.422078023828704e-05
transaction_attribute_292,6.405414429933322e-05
transaction_attribute_574,6.355694496817551e-05
bureau_324,6.345198471939352e-05
transaction_attribute_484,6.333253134926565e-05
transaction_attribute_473,6.24635134610947e-05
bureau_264,6.096032597098315e-05
bureau_179,6.087613726047718e-05
transaction_attribute_242,6.0664652355032854e-05
transaction_attribute_241,6.059238265006116e-05
bureau_363,5.9698413677499174e-05
transaction_attribute_358,5.8441276282723884e-05
transaction_attribute_549,5.839028910487275e-05
transaction_attribute_357,5.714232459405852e-05
transaction_attribute_363,5.6215968321554806e-05
bureau_383,5.617583501127222e-05
transaction_attribute_196,5.617041218263882e-05
transaction_attribute_142,5.590251926502329e-05
transaction_attribute_476,5.5663027709848554e-05
bureau_290,5.553081959084458e-05
bureau_333,5.5411524381469645e-05
bureau_204,5.512964780356219e-05
transaction_attribute_366,5.498433235973069e-05
transaction_attribute_215,5.4780761084050336e-05
bureau_154,5.456830675392715e-05
bureau_enquiry_9,5.396667121532133e-05
bureau_293,5.380689428095438e-05
bureau_379,5.37970975114555e-05
transaction_attribute_30,5.371563628234554e-05
transaction_attribute_351,5.351806975419564e-05
bureau_263,5.296358671130918e-05
transaction_attribute_157,5.285722506874631e-05
bureau_253,5.2186568257843916e-05
bureau_203,5.214616506037443e-05
bureau_304,5.1171159078482736e-05
transaction_attribute_352,5.115634922697206e-05
bureau_340,5.0261731545571765e-05
bureau_266,5.0235836867185985e-05
bureau_216,5.0068590150967485e-05
bureau_281,4.900451562677922e-05
bureau_376,4.816048596925174e-05
bureau_268,4.8132727812162804e-05
transaction_attribute_237,4.6487747487196154e-05
bureau_374,4.605006428033621e-05
transaction_attribute_307,4.470072546635952e-05
bureau_380,4.442392287200935e-05
bureau_185,4.360322664537633e-05
bureau_334,4.3250343155485555e-05
transaction_attribute_118,4.2609861126780334e-05
transaction_attribute_8,4.174461833552313e-05
transaction_attribute_309,4.122763304369307e-05
bureau_215,4.0924354091797085e-05
bureau_206,3.779357522275168e-05
bureau_351,3.77789885690024e-05
transaction_attribute_360,3.645471996169226e-05
transaction_attribute_73,3.5852587305596105e-05
transaction_attribute_29,3.5757330072546806e-05
bureau_344,3.5405687752577806e-05
transaction_attribute_1,3.484270545967067e-05
transaction_attribute_589,3.4651246007809336e-05
transaction_attribute_243,3.387674228291957e-05
transaction_attribute_362,3.381710002423622e-05
transaction_attribute_472,3.3198251077996166e-05
transaction_attribute_343,3.313958750387213e-05
transaction_attribute_166,3.229561481473268e-05
transaction_attribute_364,3.221788240054241e-05
transaction_attribute_3,3.17078303899843e-05
bureau_343,3.142115690437495e-05
bureau_364,3.098726535896433e-05
bureau_301,3.079129594624783e-05
transaction_attribute_485,3.069563713130096e-05
transaction_attribute_74,2.988379111243097e-05
bureau_enquiry_19,2.9631852715521953e-05
bureau_161,2.9596778988887582e-05
bureau_213,2.9485519320269208e-05
bureau_225,2.905510220590225e-05
bureau_220,2.8470094056220613e-05
transaction_attribute_546,2.8072223822926107e-05
bureau_241,2.7904930103648443e-05
transaction_attribute_59,2.73756208026019e-05
transaction_attribute_205,2.5243398065383833e-05
bureau_132,2.5035502714514222e-05
transaction_attribute_588,2.453512495574922e-05
transaction_attribute_236,2.3332310981692227e-05
bureau_174,2.2824599136589893e-05
bureau_214,2.2635659363171026e-05
bureau_251,2.200083301723485e-05
bureau_284,2.140463113295054e-05
bureau_260,1.9499540483597315e-05
bureau_361,1.934875770904182e-05
bureau_261,1.8929662050997755e-05
bureau_184,1.8000806778845198e-05
transaction_attribute_483,1.738916165451858e-05
bureau_219,1.4079872166206032e-05
bureau_224,1.3703824629411065e-05
bureau_321,1.3649197505699737e-05
bureau_180,1.3467978365546047e-05
bureau_173,1.3355563303555709e-05
bureau_309,1.2952709169059215e-05
bureau_386,9.24355587324237e-06
bureau_314,8.979348501006338e-06
bureau_181,7.229832968864817e-06
bureau_211,6.807890501239774e-06
bureau_183,6.7434277562276435e-06
bureau_294,4.3618983596604165e-06
bureau_341,4.077718339388319e-06
bureau_201,3.0562911253122745e-06
bureau_221,1.4202371053527536e-06
bureau_331,1.1260276214002631e-06
bureau_186,9.766753013089906e-07
transaction_attribute_220,7.99089854122367e-07
bureau_164,7.630629801631904e-07
bureau_69,6.461104657254597e-07
bureau_291,5.870275162109001e-07
bureau_191,5.754078113237111e-07
transaction_attribute_2,2.7696877917759215e-07
bureau_171,1.6310707532157374e-07
bureau_130,6.192448518934673e-08
bureau_182,0.0
bureau_70,0.0
bureau_90,0.0
bureau_242,0.0
bureau_100,0.0
transaction_attribute_152,0.0
bureau_enquiry_37,0.0
bureau_292,0.0
bureau_enquiry_27,0.0
bureau_352,0.0
bureau_322,0.0
bureau_142,0.0
bureau_371,0.0
bureau_282,0.0
bureau_252,0.0
bureau_172,0.0
bureau_38,0.0
bureau_131,0.0
bureau_162,0.0
bureau_enquiry_47,0.0
bureau_402,0.0
bureau_423,0.0
transaction_attribute_144,0.0
bureau_80,0.0
bureau_152,0.0
bureau_262,0.0
transaction_attribute_621,0.0
bureau_392,0.0
bureau_110,0.0
bureau_342,0.0
bureau_381,0.0
transaction_attribute_525,0.0
bureau_362,0.0
bureau_382,0.0
bureau_202,0.0
transaction_attribute_222,0.0
bureau_312,0.0
bureau_332,0.0
transaction_attribute_582,0.0
bureau_120,0.0
bureau_272,0.0
bureau_4,0.0
transaction_attribute_191,0.0
onus_attribute_28,0.0
bureau_212,0.0
transaction_attribute_524,0.0
bureau_222,0.0
transaction_attribute_183,0.0
transaction_attribute_79,0.0
transaction_attribute_80,0.0
bureau_enquiry_7,0.0
bureau_47,0.0
transaction_attribute_81,0.0
bureau_56,0.0
bureau_384,0.0
bureau_192,0.0
bureau_16,0.0
bureau_302,0.0
bureau_232,0.0
bureau_enquiry_17,0.0
bureau_26,0.0
bureau_372,0.0
bureau_412,0.0
